keys,en,fr,fr-CA
main_menu_title,Prisoner Hulk,Prison Flottante,Ponton Spatiale
prisoner_health_state_DEAD,Dead,Mort,Mort
prisoner_health_state_SICKLY,Sickly,Faible,Faible
prisoner_health_state_SICK,Sick,Malade,malade
prisoner_health_state_HEALTHY,Healthy,En Sante,En Sante
prisoner_health_state_ROBUST,Robust,Robuste,Fort
prisoner_health_state_CRYO,Cryo,En Cryo,Geler
prisoner_action_state_DEAD,Dead,Mort,Mort
prisoner_action_state_IDLE,Idle,au repos,fait rien
prisoner_action_state_MOVING,Moving,En Mouvement,Bouge
prisoner_action_state_BUSY,Busy,Occuper,OQP
prisoner_action_state_COMBAT,Combat,En combat,s'bat
prisoner_action_state_IGNORE,Ignoring,Difficile,y'ecoute pas
prisoner_play_ui_dead_label,Deceased,Deceder,Mort Sti'
main_menu_btn_new_run,NEW RUN,NOUVEAU DEPART,NOUVELLE RUN
main_menu_btn_continue_run,CONTINUE RUN,CONTINUER,CONTINUER RUN
main_menu_btn_abandon_run,ABANDON RUN,ABANDONER,LACHER RUN
main_menu_btn_new_game,NEW GAME,NOUVELLE PARTIE,NOUVELLE PARTIE
main_menu_btn_settings,SETTINGS,PARAMETRES,OPTIONS
main_menu_btn_credits,CREDITS,CREDITS,CREDITS
option_lang_english,English,English,English
option_lang_french,Francais,Francais,Francais
option_lang_quebecois,Quebecois,Quebecois,Quebecois
option_dyslexia_font_label,Dyslexia-friendly font:,Police adaptée aux dyslexiques:,Police adaptée aux dyslexiques:
option_crt_effect_label,Crt Effects:,Effect CRT:,Effet vieille tv:
option_flash_effect_label,Flash effects:,Effets de flash:,Les flash:
btn_on,ON,ACTIVE,ON
btn_off,OFF,DESACTIVE,OFF
btn_reset_general,RESET,REMETTRE PAR DEFAULT,RESET
tab_general,GENERAL,GENERALES,GENERALES
tab_video,VIDEO,VIDEO,VIDEO
tab_audio,AUDIO,AUDIO,AUDIO
tab_controls,CONTROLS,CONTROLLES,CONTROLLES
option_btn_apply,APPLY,APPLIQUER,APPLIQUER
option_btn_close,CLOSE,FERMER,FERMER
option_lang_label,LANGUAGE:,LANGUE D'AFFICHAGE:,LANGUE AFFICHER:
window_mode_label,Window Mode:,Mode de la fenetre:,Mode de la fenetre:
window_size_label,Window Size:,Grandeur de la fenetre:,Grandeur de la fenetre:
set_fullscreen_label,Fullscreen:,Mode Plein-ecran:,Mode Plein-ecran:
window_mode_fullscreen,FULLSCREEN,PLEIN-ECRAN,PLEIN-ECRAN
window_mode_windowed,WINDOWED,FENETRE,WINDOWED
window_mode_w_borderless,BORDERLESS WINDOWED,FENETRE SANS BORDURES,WINDOWED SANS BORDURES
master_volume_label,Master:,Principale:,Principale:
music_volume_label,Music:,Musique:,Musique:
sfx_volume_label,SFX:,Effets Sonores:,Effets Sonores:
btn_reset_audio,RESET,REMETTRE PAR DEFAULT,RESET
controls_interact_label,Interact:,Interaction:,Interaction:
controls_deselect_label,Deselect:,Deselection:,Deselection:
control_pause_label,Pause Menu:,Menu Pause:,Menu Pause:
btn_reset_controls,RESET,REMETTRE PAR DEFAULT,RESET
option_btn_apply,APPLY,APPLIQUER,APPLIQUER
option_btn_close,CLOSE,FERMER,FERMER
btn_close_pause_menu,CLOSE,FERMER,FERMER
pause_tab_container,PAUSE MENU,MENUE DE PAUSE,MENUE PAUSE
prisoner_list_panel_label,Prisoners,Prisoniers,Prisoniers
prisoner_select_btn_goto_map,TO MAP,ALLEZ A LA CARTE,A LA MAP
prisoner_select_btn_toggle_panel,ACTIVE PRISONERS,PRISONIERS ACTIFS,PRISONIERS ACTIFS
prisoner_select_btn_revive,REVIVE,REANIMER,REANIMER
prisoner_list_active_label,Active Prisoners,Reanime,Actifs
active_panel_btn_toggle_panel,CLOSE,FERMER,FERMER
label_name,Name:,Nom:,Nom:
label_status,Status:,Etat:,Etat:
label_height,Height:,Grandeur:,Grandeur:
label_weight,Weight:,Poids:,Poids:
label_dob,Date of Birth:,Date de naissance:,Date de naissance:
label_doi,Date of incarceration:,Date d'incarceration:,Date d'empirsonment:
label_sentence,Sentence:,peine d'emprisonnement:,Sentence:
label_loo,Location of origin:,Lieu d'origin:,Lieu d'origin:
label_loe,Location of e?,Lieu..,Lieu..
label_criminality_rating,Criminiality Rating:,Valeur de Criminalite:,Valeur de Criminalite:
label_strength_rating,Strength Rating:,Valeur de force:,Valeur de force:
label_agility_rating,Agility Rating:,Valeur d'agilite:,Valeur d'agilite:
label_endurance_rating,Endurance Rating:,Valeur d'endurance:,Valeur d'endurance:
label_inteligence_rating,Intelligence Rating:,Valeur d'intelligence:,Valeur d'intelligence:
label_criminal_record,Criminal Record,Casier judiciere,Casier judiciere
prisoner_select_btn_label_name,Name:,Nom:,Nom:
prisoner_select_btn_label_sentence,Sentence:,Peine:,Sentence:
prisoner_select_btn_label_doi,DOI:,DI:,DE:
prisoner_active_display_label_name,Name:,Nom:,Nom:
prisoner_active_display_label_sentence,Sentence:,Peine:,Sentence:
prisoner_active_display_label_doi,DOI:,DI:,DE:
ship_naming_label,Please enter the name of the ship,Entrez un nom pour le vaisseau,Entrez un nom pour le vaisseau
ship_naming_input,Challenger,Téméraire,Romano Fafard
ship_naming_btn_confirm,CONFIRM,CONFIRMER,CONFIRMER
map_prog_title,Select destination,Choisir la destination,Choisir la destination
map_prog_ship_title,Spaceship,Vaisseau,Vaisseau
map_registry_label,Registry:,Registre:,Registre:
map_propulsion_label,Propulsion:,Propulsion:,Propulsion:
map_hull_label,Hull:,Coque:,Coque:
map_ai_core_label,Ai Core:,Core IA:,Core IA:
map_life_support_label,Life Support:,SYS SURVIE:,SYS SURVIE:
map_selection_prisoner_label,Prisoners,Prisoniers,Prisoniers
map_active_prisoners_label,Active:,Actifs:,Actifs:
map_cryo_prisoners_label,In Cryo:,En cryo:,En Cryo:
map_dead_prisoners_label,Dead:,Deceder:,Morts:
map_open_legend_btn,LEGEND,LEGENDE,LEGENDE
map_prisoner_btn,PRISONERS,PRISONIERS,PRISONIERS
map_prog_legend_title,LEGEND,LEGENDE,LEGENDE
map_start_location,Start location,Point de depart,Point de depart
map_encounter,Contact Point,Point de contact,Point de contact
map_shop,Trade vessel,Vaisseau marchand,Vaisseau marchand
map_derilect,Derelict,Vaisseau a l'abandon,Vaisseau a l'abandon
map_station,Space Station,Station Spatial,Station Spatial
map_boss,Large Contact,Point de contact majeur,Point de contact majeur
map_label_you_are_here,You are here,Vous etes ici,Vous etes ici
legend_show,SHOW LEGEND,OUVRIR LEGENEDE,OUVRIR LEGENEDE
legend_hide,HIDE LEGEND,FERMER LEGENDE,FERMER LEGENDE
prisoner_info_toggle_btn_show,SHOW,OUVRIR,OUVRIR
prisoner_info_toggle_btn_hide,HIDE,FERMER,FERMER
prisoner_icon_label,Prisoner,Prisonier,Prisonier
pickup_item_icon_label,Possible Item,Item Possible,Item Possible
searchable_icon_label,Searchable container,Contenant cherchable,Contenant cherchable
locked_interactible_label,Interactable Object LOCKED,Object interactif Verouiller,Object interactif Verouiller
open_interactible_label,Interactable Object OPEN,Object interactif ouvert,Object interactif ouvert
closed_interactible_label,Interactable Object CLOSED,Object interactif ferme,Object interactif ferme
unknown_contact_icon_label,Unknown Contact,Contact inconnu,Contact inconnu
sealed_interactible_label,Interactable Object Sealed,Object interactif scelle,Object interactif scelle
inventory_btn,INVENTORY,INVENTAIRE,INVENTAIRE
prisoner_id_label,Prisoner,Prisonier,Prisonier
prisoner_health_label,Health:,Sante:,Sante:
prisoner_status_label,Status:,Statut:,Statut:
play_level_loading_headshots,retreiving prisoner information,recuperation des informations de prisoniers,recuperation des informations de prisoniers
play_level_starting,connecting to exterior source,connexion a une source externe,connexion a une source externe
play_level_loading_manager,attempting to regulate levels,tentative de regulation de niveaux,tentative de regulation de niveaux
play_level_input,regulating prisoner violent tendencies,regulation des tendences violentes de prisoniers,regulation des tendences violentes de prisoniers
play_level_spawn_manager,connecting umbilical to exterior contact,connexion du cordon au contact externe,connexion du cordon au contact externe
play_level_spawn_prisoners,prisoners transfering to exterior contact,prisoniers en transit au contact externe,prisoniers en transit au contact externe
play_level_done_prisoners,prisoners in airlock,prisoniers en attente dans le sasse,prisoniers en attente dans le sasse
play_level_done_ucs,scanning for possible contacts,detection de contacts potentiels,detection de contacts potentiels
map_selection_ready,map retreival started,recuperation de la carte commencer,recuperation de la carte commencer
map_selection_retrieving_map,map retreival processing,recuperation de la carte en traitement,recuperation de la carte en traitement
map_selection_placing_stuff,scanning region for possible contacts,balayage de la region,balayage de la region
map_selection_spawning_ship,triangulating current position,triangulation de la position courante,triangulation de la position courante
map_selection_generating_map,connecting to navigation buoys,connexion au bouées de navigation,connexion au bouées de navigation
prisoner_selection_ready,accessing prisoner database information,acces a la base de donnees de prisoniers,acces a la base de donnees de prisoniers
prisoner_selection_populate,populating list of prisoners,remplissage de la liste de prisoniers,remplissage de la liste de prisoniers
prisoner_selection_populate_done,list populated,liste complete,liste complete
story_Intro_loading,accessing last captain's log for playback,recuperation du dernier journal de bord pour ecoute,recuperation du dernier journal de bord pour ecoute
continue_loader_redirect_prisoner_select,accessing last known location,recuperation de la derniere position,recuperation de la derniere position
continue_loader_prisoner_loading,"not active prisoners, redirecting to prisoner database","aucun prisoniers actifs, redircection a la base de donnees","aucun prisoniers actifs, redircection a la base de donnees"
continue_loader_loading_map_location,accessing map database,recuperation de la base de donnees de la region,recuperation de la base de donnees de la region
continue_loader_prisoner_loading,accessing prisoner database,recuperation de la base de donnees des prisoniers,recuperation de la base de donnees des prisoniers
scene_load,retreiving location data,recuperation de l'information de localisation,recuperation de l'information de localisation
popup_item_picked_up_text,Item has been retreived.,Objet recuperer.,Objet recuperer.
popup_unable_to_complete_action_text,Unable to complete action.,Incapable de completer l'action.,Incapable de completer l'action.
abandon_run_popup_title,Abandon run?,Abandonner la partie en cours?,Abandonner la partie en cours?
abandon_run_popup_text,Do you wish to abandon the current run? Progress will be lost.,Voulez-vous abandonner la partie en cours? Le progres sera perdu.,Voulez-vous abandonner la partie en cours? Le progres sera perdu.
map_select_prepare,Preparing vessel for FTL transit.,Preparation du vaisseau pour deplacement PVL.,Preparation du vaisseau pour deplacement PVL.
map_select_transit,Vessel in FTL transit.,Vaisseau en deplacement FTL.,Vaisseau en deplacement FTL.
map_select_arrived,Vessel arrived at destination.,Vaisseau arriver a destination.,Vaisseau arriver a destination.
pause_settings_pending_changes_title,Pending changes,Changements en attente de sauvegarde,Changements en attente de sauvegarde
pause_settings_pending_changes_title,"There are unsaved changes, do you wish to discard them?","Des changements aux options sont en attente de sauvegarde, voulez-vous les abandonner.","Des changements aux options sont en attente de sauvegarde, voulez-vous les abandonner."
prisoner_selection_no_prisoners,"No active prisoners, minimum of 1 prisoner must be revived.",Aucun prisoniers actifs. Minimum de 1 prisonier est requis.,Aucun prisoniers actifs. Minimum de 1 prisonier est requis.
setting_pending_changes_close_title,Pending changes,Changements en attente de sauvegarde,Changements en attente de sauvegarde
setting_pending_changes_close_text,"There are unsaved changes, do you wish to discard them?","Des changements aux options sont en attente de sauvegarde, voulez-vous les abandonner.","Des changements aux options sont en attente de sauvegarde, voulez-vous les abandonner."
setting_pending_changes_apply_title,Save changes?,Changements en attente de sauvegarde,Changements en attente de sauvegarde
setting_pending_changes_apply_text,Do you wish to save current changes?,Sauvegarder les changements aux options?,Sauvegarder les changements aux options?
setting_window_mode_changes_title,Window mode changed,Mode de fenetre changer,Mode de fenetre changer
setting_window_mode_changes_text,Window mode has been changed. Do you wish to keep the change? Window mode will return to previous setting when the timer ends.,Le mode de la fenetre a ete changer. Voulez-vous garder le changement? Le changement sera automatiquement remis apres le decompte.,Le mode de la fenetre a ete changer. Voulez-vous garder le changement? Le changement sera automatiquement remis apres le decompte.
setting_resolution_changes_title,Window size changed,Grandeur de fenetre changer,Grandeur de fenetre changer
setting_resolution_changes_text,Window size has been changed. Do you wish to keep the change? Window size will return to previous setting when the timer ends.,La grandeur de la fenetre a ete changer. Voulez-vous garder le changement? Le changement sera automatiquement remis apres le decompte.,La grandeur de la fenetre a ete changer. Voulez-vous garder le changement? Le changement sera automatiquement remis apres le decompte.
popup_activated_prisoner_text,Prisoner %s has been revived from cryo-stasis and is waiting.,Prisonier %s a ete reanimer de cryo-staze et est en attente.,Prisonier %s a ete reanimer de cryo-staze et est en attente.
popup_max_activated_prisoner_text,Maximum amount of revived prisoners has been reached. No available life support.,Le maximum de prisoniers reanimes a ete atteint. System de survie insufisant.,Le maximum de prisoniers reanimes a ete atteint. System de survie insufisant.
no_save_error_text,,,
wrong_save_error_text,,,
save_error_title,,,
save_error_text,,,
already_loaded_error_text,,,
unsaved_changes_load_error_title,,,
